first_name,last_name,email,password
Lanae,Culverhouse,lculverhouse0@phpbb.com,hIypzqfufPEI
Elvyn,Tyzack,etyzack1@google.ca,bcveP9NrLG9
Doralin,Archibald,darchibald2@bloglovin.com,fGeO9w7
Sterne,Gerhartz,sgerhartz3@eepurl.com,jWk5pV
Carry,McGrotty,cmcgrotty4@reference.com,jo26BM5X
Norris,Cordner,ncordner5@vk.com,RUhjHDaT
Katusha,Massingham,kmassingham6@virginia.edu,cWoM7ZfBjZx
Reinaldos,Alderson,ralderson7@woothemes.com,FCyDz0UfWkgZ
Welby,Zannini,wzannini8@accuweather.com,zHlopXVOJU
Taddeusz,Mayzes,tmayzes9@trellian.com,AzeJzOA27
Kristien,Plevin,kplevina@accuweather.com,h2utyiH9KP0L
Tracie,Landis,tlandisb@symantec.com,knRu5tEY
Tommy,Croome,tcroomec@github.io,jx6JsBjehQ
Lonni,Delmage,ldelmaged@github.com,SYjWz1Bp0
Augustine,Murford,amurforde@newsvine.com,upGusE6Y
Amalle,McNeillie,amcneillief@unicef.org,t8qRk4
Leticia,Wharton,lwhartong@plala.or.jp,62brG5U1
Ingmar,Mahaffey,imahaffeyh@t-online.de,2fuTZmi4O
Byrom,Schoolcroft,bschoolcrofti@photobucket.com,Z3Kvt0nvZ
Carissa,Sedgebeer,csedgebeerj@soup.io,bZUymHoBRXtm
Darcy,Austick,daustickk@storify.com,t5GoQrs
Mandie,Airs,mairsl@cargocollective.com,o7LIPB
Ora,Allmann,oallmannm@e-recht24.de,YHbAnL6
Ros,Purnell,rpurnelln@nps.gov,1j0qoPxC4tP4
Kilian,Sheerin,ksheerino@scribd.com,sppFlb
Cazzie,Studeart,cstudeartp@hugedomains.com,TQw0lx
Dimitry,Reignould,dreignouldq@dropbox.com,53A2Uka6U0z
Cairistiona,Beavington,cbeavingtonr@usa.gov,hXY5K8
Brynna,Willmott,bwillmotts@abc.net.au,TUsw4YlqQ
Evan,Temperton,etempertont@spiegel.de,yROiyUz
Crawford,Mannix,cmannixu@xrea.com,2xpfLYcR
Hunter,Jirak,hjirakv@goodreads.com,lDt2Hwyhdg
Madlen,Hriinchenko,mhriinchenkow@fda.gov,MWzUvNuA
Hershel,Bernlin,hbernlinx@wikipedia.org,aRtTYgzf5N8
Rosmunda,Creek,rcreeky@live.com,3IVU0G
Gerry,Seago,gseagoz@slate.com,R3JKKS0t
Jenn,Brennans,jbrennans10@nps.gov,0hqRBSiyE
Dane,Blaxton,dblaxton11@shareasale.com,HAdqsWvKEN7R
Gery,Monro,gmonro12@privacy.gov.au,D8vPsrXd
Roslyn,Passby,rpassby13@privacy.gov.au,pe4TtzBgB5
Berta,Dillinton,bdillinton14@ifeng.com,LuYUN4r
Wakefield,Shieldon,wshieldon15@reddit.com,a8nfuYdQyrb
Leandra,Bradnum,lbradnum16@independent.co.uk,eg2fJpG
Leontine,Job,ljob17@uiuc.edu,31Z0SJ3Vwmf
Rog,Illston,rillston18@github.io,eeVkyThec
Ignace,Gianninotti,igianninotti19@springer.com,9kpvP6WysVA
Onfroi,Gaskin,ogaskin1a@gmpg.org,iiAJcerqzhSb
Evelina,Vian,evian1b@state.gov,iWVLOHH9U
Miof mela,Mangeon,mmangeon1c@adobe.com,nRpX1J7Ny7N5
Osgood,O'Kieran,ookieran1d@google.nl,jNAKbJHvKr
Dacie,Montes,dmontes1e@auda.org.au,VifhlLbX
Joycelin,Klimmek,jklimmek1f@jalbum.net,PMqKipKx
Helga,Romain,hromain1g@netscape.com,VFHkUJFGvwu
Tobi,Racine,tracine1h@census.gov,OdDGckJHO
Emmalynn,Grabban,egrabban1i@liveinternet.ru,DeVgFNPq
Coleman,Davenport,cdavenport1j@omniture.com,YH9Xam
Dione,Arrault,darrault1k@nsw.gov.au,tgZXoSMBh6
Ogdon,Lowndes,olowndes1l@howstuffworks.com,pHKFsDiwWJLr
Garfield,Monaghan,gmonaghan1m@studiopress.com,YhfzXLAQ
Patience,Lonsbrough,plonsbrough1n@netlog.com,6r6GX8FOZz
Teri,Di Francesco,tdifrancesco1o@utexas.edu,fAfboXjM4L
Peta,Kingston,pkingston1p@google.com,5h2oxh14Q
Bruis,Cottham,bcottham1q@weebly.com,Z9zNcW
Winifred,Marchment,wmarchment1r@illinois.edu,I9Kjlq
Whitney,Siemens,wsiemens1s@php.net,Xlxqfs0yNmt
Jarrad,Soares,jsoares1t@reuters.com,oUvHoJ3hj
Isidore,Mattiussi,imattiussi1u@un.org,eJQcg58tO
Paulie,Stockwell,pstockwell1v@kickstarter.com,ZhMZF9Tx
Gabbey,Barme,gbarme1w@dedecms.com,yy181rg
Igor,Narey,inarey1x@mashable.com,PJQMs8WfNvb2
Jan,Leaburn,jleaburn1y@typepad.com,TPIz3v9
Bibbye,Warr,bwarr1z@discuz.net,JKcFj5
Cass,Houlston,choulston20@foxnews.com,itG7IK
Katheryn,Wurst,kwurst21@auda.org.au,npVRRL5C8d
Tamra,Petrollo,tpetrollo22@aol.com,yWBmdfGXq2
Kimbell,Willcott,kwillcott23@walmart.com,uuLVJLhOn
Hendrik,Muzzlewhite,hmuzzlewhite24@t.co,NsiDKnKSi
Helenelizabeth,Crasswell,hcrasswell25@google.com.br,X6WApr4nY9f
Jayson,Goncaves,jgoncaves26@edublogs.org,cmE4D23L
Ethelred,Reavell,ereavell27@opensource.org,8pxcG8ZqY8U
Abagail,Broinlich,abroinlich28@dedecms.com,x4OLvhNAPtDf
Loreen,Langfat,llangfat29@alexa.com,DDHG7N
Charlotte,Combes,ccombes2a@nih.gov,Nb9E4T3fRXW
Thedric,Sandbatch,tsandbatch2b@bloglovin.com,BOjMXTl8M
Torry,Godard,tgodard2c@scribd.com,HqYTs8
Kerby,Rawlinson,krawlinson2d@clickbank.net,vkEBPUbvi
Nikolai,Pitt,npitt2e@google.it,TX8jIl3NwJi2
Leland,MacIllrick,lmacillrick2f@feedburner.com,XQqAb4owrOxR
Amalita,Lestrange,alestrange2g@php.net,GUjR4p
Katine,Moysey,kmoysey2h@seattletimes.com,n7PMfAqpYN
Britney,Ladell,bladell2i@disqus.com,w7exQ8
Faina,Yoslowitz,fyoslowitz2j@altervista.org,Yfrp87C3KU
Barty,Couves,bcouves2k@smugmug.com,Rw0yyfuH
Petronia,Longland,plongland2l@cyberchimps.com,GYGoYtFJxr
Jody,Joddins,jjoddins2m@furl.net,H97YYtl